{
  "timestamp": "2025-09-16T22:57:15",
  "model": "./models/dqn/dqn_grid_final.zip",
  "algo": "dqn",
  "params": {
    "episodes": 100,
    "M": 6,
    "N": 6,
    "K": 5,
    "B": 0
  },
  "metrics": {
    "avg_steps": 5.17,
    "avg_reward": 9.351549999999998,
    "success_rate": 0.92
  },
  "per_episode": {
    "rewards": [
      10.095,
      10.57,
      10.095,
      10.38,
      10.095,
      10.275,
      10.76,
      10.475000000000001,
      10.275,
      10.38,
      10.190000000000001,
      10.475000000000001,
      10.665000000000001,
      10.38,
      10.57,
      10.38,
      10.190000000000001,
      10.38,
      -0.62,
      10.190000000000001,
      10.285,
      10.38,
      10.285,
      10.190000000000001,
      10.285,
      10.285,
      10.475000000000001,
      10.370000000000001,
      10.475000000000001,
      -3.045,
      10.190000000000001,
      10.190000000000001,
      10.190000000000001,
      10.190000000000001,
      10.57,
      10.76,
      -3.045,
      10.285,
      10.285,
      10.190000000000001,
      10.285,
      10.475000000000001,
      10.57,
      10.475000000000001,
      10.76,
      10.665000000000001,
      10.285,
      10.855,
      10.095,
      10.38,
      10.475000000000001,
      10.190000000000001,
      10.38,
      10.57,
      10.475000000000001,
      10.285,
      10.190000000000001,
      -3.045,
      10.285,
      10.57,
      10.56,
      10.285,
      10.190000000000001,
      10.190000000000001,
      -1.0,
      10.475000000000001,
      10.285,
      10.285,
      10.665000000000001,
      10.475000000000001,
      10.190000000000001,
      10.190000000000001,
      10.38,
      10.370000000000001,
      10.475000000000001,
      10.095,
      10.475000000000001,
      10.56,
      10.38,
      10.38,
      -3.245,
      10.285,
      10.475000000000001,
      -1.0,
      10.475000000000001,
      10.095,
      10.190000000000001,
      10.285,
      10.475000000000001,
      10.38,
      10.190000000000001,
      10.38,
      10.095,
      10.095,
      10.095,
      10.285,
      10.76,
      -2.845,
      10.38,
      10.190000000000001
    ],
    "steps": [
      1,
      6,
      1,
      4,
      1,
      5,
      8,
      5,
      5,
      4,
      2,
      5,
      7,
      4,
      6,
      4,
      2,
      4,
      5,
      2,
      3,
      4,
      3,
      2,
      3,
      3,
      5,
      6,
      5,
      30,
      2,
      2,
      2,
      2,
      6,
      8,
      30,
      3,
      3,
      2,
      3,
      5,
      6,
      5,
      8,
      7,
      3,
      9,
      1,
      4,
      5,
      2,
      4,
      6,
      5,
      3,
      2,
      30,
      3,
      6,
      8,
      3,
      2,
      2,
      1,
      5,
      3,
      3,
      7,
      5,
      2,
      2,
      4,
      6,
      5,
      1,
      5,
      8,
      4,
      4,
      30,
      3,
      5,
      1,
      5,
      1,
      2,
      3,
      5,
      4,
      2,
      4,
      1,
      1,
      1,
      3,
      8,
      30,
      4,
      2
    ],
    "success": [
      1.0,
      1.0,
      1.0,
      1.0,
      1.0,
      1.0,
      1.0,
      1.0,
      1.0,
      1.0,
      1.0,
      1.0,
      1.0,
      1.0,
      1.0,
      1.0,
      1.0,
      1.0,
      0.0,
      1.0,
      1.0,
      1.0,
      1.0,
      1.0,
      1.0,
      1.0,
      1.0,
      1.0,
      1.0,
      0.0,
      1.0,
      1.0,
      1.0,
      1.0,
      1.0,
      1.0,
      0.0,
      1.0,
      1.0,
      1.0,
      1.0,
      1.0,
      1.0,
      1.0,
      1.0,
      1.0,
      1.0,
      1.0,
      1.0,
      1.0,
      1.0,
      1.0,
      1.0,
      1.0,
      1.0,
      1.0,
      1.0,
      0.0,
      1.0,
      1.0,
      1.0,
      1.0,
      1.0,
      1.0,
      0.0,
      1.0,
      1.0,
      1.0,
      1.0,
      1.0,
      1.0,
      1.0,
      1.0,
      1.0,
      1.0,
      1.0,
      1.0,
      1.0,
      1.0,
      1.0,
      0.0,
      1.0,
      1.0,
      0.0,
      1.0,
      1.0,
      1.0,
      1.0,
      1.0,
      1.0,
      1.0,
      1.0,
      1.0,
      1.0,
      1.0,
      1.0,
      1.0,
      0.0,
      1.0,
      1.0
    ]
  }
}