{
  "timestamp": "2025-09-16T22:54:31",
  "model": "/app/models/ppo/ppo_grid_final.zip",
  "algo": "ppo",
  "params": {
    "episodes": 100,
    "M": 6,
    "N": 6,
    "K": 5,
    "B": 0
  },
  "metrics": {
    "avg_steps": 5.02,
    "avg_reward": 8.8915,
    "success_rate": 0.88
  },
  "per_episode": {
    "rewards": [
      -1.0,
      10.38,
      -3.045,
      10.475000000000001,
      10.285,
      10.465,
      10.095,
      10.190000000000001,
      10.57,
      -1.0,
      10.76,
      10.285,
      10.38,
      10.360000000000001,
      10.38,
      10.285,
      10.55,
      -3.245,
      -2.845,
      10.38,
      10.38,
      10.665000000000001,
      -2.845,
      10.285,
      10.285,
      10.095,
      10.57,
      10.095,
      10.38,
      10.475000000000001,
      10.285,
      10.665000000000001,
      10.855,
      10.095,
      -0.81,
      10.285,
      -0.725,
      10.285,
      10.285,
      10.095,
      10.285,
      10.095,
      10.38,
      10.285,
      10.38,
      10.285,
      10.38,
      10.38,
      10.285,
      10.57,
      10.38,
      10.285,
      -1.0,
      10.665000000000001,
      10.475000000000001,
      10.285,
      10.190000000000001,
      10.190000000000001,
      10.285,
      10.57,
      10.475000000000001,
      10.190000000000001,
      10.285,
      10.190000000000001,
      10.285,
      10.38,
      10.190000000000001,
      10.475000000000001,
      10.190000000000001,
      10.285,
      10.285,
      10.095,
      10.190000000000001,
      10.095,
      10.38,
      10.095,
      10.095,
      10.285,
      10.57,
      10.285,
      10.665000000000001,
      10.475000000000001,
      10.655000000000001,
      -1.0,
      10.095,
      10.475000000000001,
      10.285,
      10.370000000000001,
      10.095,
      10.57,
      10.095,
      10.475000000000001,
      10.475000000000001,
      10.475000000000001,
      10.465,
      -0.62,
      10.190000000000001,
      10.190000000000001,
      10.190000000000001,
      -2.845
    ],
    "steps": [
      1,
      4,
      30,
      5,
      3,
      7,
      1,
      2,
      6,
      1,
      8,
      3,
      4,
      8,
      4,
      3,
      10,
      30,
      30,
      4,
      4,
      7,
      30,
      3,
      3,
      1,
      6,
      1,
      4,
      5,
      3,
      7,
      9,
      1,
      3,
      3,
      6,
      3,
      3,
      1,
      3,
      1,
      4,
      3,
      4,
      3,
      4,
      4,
      3,
      6,
      4,
      3,
      1,
      7,
      5,
      3,
      2,
      2,
      3,
      6,
      5,
      2,
      3,
      2,
      3,
      4,
      2,
      5,
      2,
      3,
      3,
      1,
      2,
      1,
      4,
      1,
      1,
      3,
      6,
      3,
      7,
      5,
      9,
      1,
      1,
      5,
      3,
      6,
      1,
      6,
      1,
      5,
      5,
      5,
      7,
      5,
      2,
      2,
      2,
      30
    ],
    "success": [
      0.0,
      1.0,
      0.0,
      1.0,
      1.0,
      1.0,
      1.0,
      1.0,
      1.0,
      0.0,
      1.0,
      1.0,
      1.0,
      1.0,
      1.0,
      1.0,
      1.0,
      0.0,
      0.0,
      1.0,
      1.0,
      1.0,
      0.0,
      1.0,
      1.0,
      1.0,
      1.0,
      1.0,
      1.0,
      1.0,
      1.0,
      1.0,
      1.0,
      1.0,
      0.0,
      1.0,
      0.0,
      1.0,
      1.0,
      1.0,
      1.0,
      1.0,
      1.0,
      1.0,
      1.0,
      1.0,
      1.0,
      1.0,
      1.0,
      1.0,
      1.0,
      1.0,
      0.0,
      1.0,
      1.0,
      1.0,
      1.0,
      1.0,
      1.0,
      1.0,
      1.0,
      1.0,
      1.0,
      1.0,
      1.0,
      1.0,
      1.0,
      1.0,
      1.0,
      1.0,
      1.0,
      1.0,
      1.0,
      1.0,
      1.0,
      1.0,
      1.0,
      1.0,
      1.0,
      1.0,
      1.0,
      1.0,
      1.0,
      0.0,
      1.0,
      1.0,
      1.0,
      1.0,
      1.0,
      1.0,
      1.0,
      1.0,
      1.0,
      1.0,
      1.0,
      0.0,
      1.0,
      1.0,
      1.0,
      0.0
    ]
  }
}